--
-- PostgreSQL database dump
--

-- Dumped from database version 12.17 (Ubuntu 12.17-1.pgdg22.04+1)
-- Dumped by pg_dump version 12.17 (Ubuntu 12.17-1.pgdg22.04+1)

SET statement_timeout = 0;
SET lock_timeout = 0;
SET idle_in_transaction_session_timeout = 0;
SET client_encoding = 'UTF8';
SET standard_conforming_strings = on;
SELECT pg_catalog.set_config('search_path', '', false);
SET check_function_bodies = false;
SET xmloption = content;
SET client_min_messages = warning;
SET row_security = off;

DROP DATABASE universe;
--
-- Name: universe; Type: DATABASE; Schema: -; Owner: freecodecamp
--

CREATE DATABASE universe WITH TEMPLATE = template0 ENCODING = 'UTF8' LC_COLLATE = 'C.UTF-8' LC_CTYPE = 'C.UTF-8';


ALTER DATABASE universe OWNER TO freecodecamp;

\connect universe

SET statement_timeout = 0;
SET lock_timeout = 0;
SET idle_in_transaction_session_timeout = 0;
SET client_encoding = 'UTF8';
SET standard_conforming_strings = on;
SELECT pg_catalog.set_config('search_path', '', false);
SET check_function_bodies = false;
SET xmloption = content;
SET client_min_messages = warning;
SET row_security = off;

SET default_tablespace = '';

SET default_table_access_method = heap;

--
-- Name: galaxy; Type: TABLE; Schema: public; Owner: freecodecamp
--

CREATE TABLE public.galaxy (
    galaxy_id integer NOT NULL,
    name character varying(60) NOT NULL,
    description text,
    has_life boolean,
    galaxy_types_id integer
);


ALTER TABLE public.galaxy OWNER TO freecodecamp;

--
-- Name: galaxy_galaxy_id_seq; Type: SEQUENCE; Schema: public; Owner: freecodecamp
--

CREATE SEQUENCE public.galaxy_galaxy_id_seq
    AS integer
    START WITH 1
    INCREMENT BY 1
    NO MINVALUE
    NO MAXVALUE
    CACHE 1;


ALTER TABLE public.galaxy_galaxy_id_seq OWNER TO freecodecamp;

--
-- Name: galaxy_galaxy_id_seq; Type: SEQUENCE OWNED BY; Schema: public; Owner: freecodecamp
--

ALTER SEQUENCE public.galaxy_galaxy_id_seq OWNED BY public.galaxy.galaxy_id;


--
-- Name: galaxy_types; Type: TABLE; Schema: public; Owner: freecodecamp
--

CREATE TABLE public.galaxy_types (
    galaxy_types_id integer NOT NULL,
    name character varying(60) NOT NULL,
    description text
);


ALTER TABLE public.galaxy_types OWNER TO freecodecamp;

--
-- Name: galaxy_types_galaxy_type_id_seq; Type: SEQUENCE; Schema: public; Owner: freecodecamp
--

CREATE SEQUENCE public.galaxy_types_galaxy_type_id_seq
    AS integer
    START WITH 1
    INCREMENT BY 1
    NO MINVALUE
    NO MAXVALUE
    CACHE 1;


ALTER TABLE public.galaxy_types_galaxy_type_id_seq OWNER TO freecodecamp;

--
-- Name: galaxy_types_galaxy_type_id_seq; Type: SEQUENCE OWNED BY; Schema: public; Owner: freecodecamp
--

ALTER SEQUENCE public.galaxy_types_galaxy_type_id_seq OWNED BY public.galaxy_types.galaxy_types_id;


--
-- Name: moon; Type: TABLE; Schema: public; Owner: freecodecamp
--

CREATE TABLE public.moon (
    moon_id integer NOT NULL,
    name character varying(60) NOT NULL,
    is_spherical boolean,
    distance_from_earth numeric(10,0),
    planet_id integer
);


ALTER TABLE public.moon OWNER TO freecodecamp;

--
-- Name: moon_moon_id_seq; Type: SEQUENCE; Schema: public; Owner: freecodecamp
--

CREATE SEQUENCE public.moon_moon_id_seq
    AS integer
    START WITH 1
    INCREMENT BY 1
    NO MINVALUE
    NO MAXVALUE
    CACHE 1;


ALTER TABLE public.moon_moon_id_seq OWNER TO freecodecamp;

--
-- Name: moon_moon_id_seq; Type: SEQUENCE OWNED BY; Schema: public; Owner: freecodecamp
--

ALTER SEQUENCE public.moon_moon_id_seq OWNED BY public.moon.moon_id;


--
-- Name: planet; Type: TABLE; Schema: public; Owner: freecodecamp
--

CREATE TABLE public.planet (
    planet_id integer NOT NULL,
    name character varying(60) NOT NULL,
    has_life boolean,
    age_in_millions_of_years integer,
    distance_from_earth numeric(10,0),
    star_id integer
);


ALTER TABLE public.planet OWNER TO freecodecamp;

--
-- Name: planet_planet_id_seq; Type: SEQUENCE; Schema: public; Owner: freecodecamp
--

CREATE SEQUENCE public.planet_planet_id_seq
    AS integer
    START WITH 1
    INCREMENT BY 1
    NO MINVALUE
    NO MAXVALUE
    CACHE 1;


ALTER TABLE public.planet_planet_id_seq OWNER TO freecodecamp;

--
-- Name: planet_planet_id_seq; Type: SEQUENCE OWNED BY; Schema: public; Owner: freecodecamp
--

ALTER SEQUENCE public.planet_planet_id_seq OWNED BY public.planet.planet_id;


--
-- Name: star; Type: TABLE; Schema: public; Owner: freecodecamp
--

CREATE TABLE public.star (
    star_id integer NOT NULL,
    name character varying(60) NOT NULL,
    age_in_millions_of_years integer,
    luminosity numeric(6,1),
    galaxy_id integer
);


ALTER TABLE public.star OWNER TO freecodecamp;

--
-- Name: star_star_id_seq; Type: SEQUENCE; Schema: public; Owner: freecodecamp
--

CREATE SEQUENCE public.star_star_id_seq
    AS integer
    START WITH 1
    INCREMENT BY 1
    NO MINVALUE
    NO MAXVALUE
    CACHE 1;


ALTER TABLE public.star_star_id_seq OWNER TO freecodecamp;

--
-- Name: star_star_id_seq; Type: SEQUENCE OWNED BY; Schema: public; Owner: freecodecamp
--

ALTER SEQUENCE public.star_star_id_seq OWNED BY public.star.star_id;


--
-- Name: galaxy galaxy_id; Type: DEFAULT; Schema: public; Owner: freecodecamp
--

ALTER TABLE ONLY public.galaxy ALTER COLUMN galaxy_id SET DEFAULT nextval('public.galaxy_galaxy_id_seq'::regclass);


--
-- Name: galaxy_types galaxy_types_id; Type: DEFAULT; Schema: public; Owner: freecodecamp
--

ALTER TABLE ONLY public.galaxy_types ALTER COLUMN galaxy_types_id SET DEFAULT nextval('public.galaxy_types_galaxy_type_id_seq'::regclass);


--
-- Name: moon moon_id; Type: DEFAULT; Schema: public; Owner: freecodecamp
--

ALTER TABLE ONLY public.moon ALTER COLUMN moon_id SET DEFAULT nextval('public.moon_moon_id_seq'::regclass);


--
-- Name: planet planet_id; Type: DEFAULT; Schema: public; Owner: freecodecamp
--

ALTER TABLE ONLY public.planet ALTER COLUMN planet_id SET DEFAULT nextval('public.planet_planet_id_seq'::regclass);


--
-- Name: star star_id; Type: DEFAULT; Schema: public; Owner: freecodecamp
--

ALTER TABLE ONLY public.star ALTER COLUMN star_id SET DEFAULT nextval('public.star_star_id_seq'::regclass);


--
-- Data for Name: galaxy; Type: TABLE DATA; Schema: public; Owner: freecodecamp
--

INSERT INTO public.galaxy VALUES (1, 'Milky Way', 'Contains the Sun and its Solar System', true, 1);
INSERT INTO public.galaxy VALUES (2, 'Andromeda', 'Closest to the Milky Way', false, 1);
INSERT INTO public.galaxy VALUES (3, 'Bode''s', 'Harbors supermassive black hole', false, 1);
INSERT INTO public.galaxy VALUES (4, 'Condor', 'Largest known spiral galaxy', false, 1);
INSERT INTO public.galaxy VALUES (5, 'Cosmos Redshift 7', 'Brightest galaxy', false, 2);
INSERT INTO public.galaxy VALUES (6, 'Fireworks', 'Active starburst galaxy', false, 3);


--
-- Data for Name: galaxy_types; Type: TABLE DATA; Schema: public; Owner: freecodecamp
--

INSERT INTO public.galaxy_types VALUES (1, 'Spiral', 'Named by spiral structures extending from center into galactic disc');
INSERT INTO public.galaxy_types VALUES (2, 'Lyman-alpha emitter', 'Emits Lyman-alpha radiation from neutral hydrogen');
INSERT INTO public.galaxy_types VALUES (3, 'Starburst', 'Undergoing exceptionally high rate of star formation');


--
-- Data for Name: moon; Type: TABLE DATA; Schema: public; Owner: freecodecamp
--

INSERT INTO public.moon VALUES (1, 'Moon', true, 384400, 3);
INSERT INTO public.moon VALUES (2, 'Phobos', false, 77790000, 4);
INSERT INTO public.moon VALUES (3, 'Deimos', false, 77790000, 4);
INSERT INTO public.moon VALUES (4, 'Io', true, 628300000, 5);
INSERT INTO public.moon VALUES (5, 'Europa', true, 628300000, 5);
INSERT INTO public.moon VALUES (6, 'Ganymede', true, 628300000, 5);
INSERT INTO public.moon VALUES (7, 'Callisto', true, 628300000, 5);
INSERT INTO public.moon VALUES (8, 'Titan', true, 1200000000, 6);
INSERT INTO public.moon VALUES (9, 'Enceladus', true, 1200000000, 6);
INSERT INTO public.moon VALUES (10, 'Mimas', true, 1200000000, 6);
INSERT INTO public.moon VALUES (11, 'Dione', true, 1200000000, 6);
INSERT INTO public.moon VALUES (12, 'Titania', true, 2723000000, 7);
INSERT INTO public.moon VALUES (13, 'Setebos', true, 2723000000, 7);
INSERT INTO public.moon VALUES (14, 'Miranda', true, 2723000000, 7);
INSERT INTO public.moon VALUES (15, 'Oberon', true, 2723000000, 7);
INSERT INTO public.moon VALUES (16, 'Triton', true, 4338000000, 8);
INSERT INTO public.moon VALUES (17, 'Thalassa', true, 4338000000, 8);
INSERT INTO public.moon VALUES (18, 'Hippocamp', true, 4338000000, 8);
INSERT INTO public.moon VALUES (19, 'Nereid', true, 4338000000, 8);
INSERT INTO public.moon VALUES (20, 'Charon', true, NULL, 9);


--
-- Data for Name: planet; Type: TABLE DATA; Schema: public; Owner: freecodecamp
--

INSERT INTO public.planet VALUES (1, 'Venus', false, 4503, 242930000, 1);
INSERT INTO public.planet VALUES (2, 'Mercury', false, 4503, 99431000, 1);
INSERT INTO public.planet VALUES (3, 'Earth', true, 4543, 0, 1);
INSERT INTO public.planet VALUES (4, 'Mars', false, 4603, 401000000, 1);
INSERT INTO public.planet VALUES (5, 'Jupiter', false, 4603, 714000000, 1);
INSERT INTO public.planet VALUES (6, 'Saturn', false, 4503, 1318500000, 1);
INSERT INTO public.planet VALUES (7, 'Uranus', false, 4503, 2957800000, 1);
INSERT INTO public.planet VALUES (8, 'Neptune', false, 4503, 4364300000, 1);
INSERT INTO public.planet VALUES (9, 'Pluto', false, 4503, 5099200000, 1);
INSERT INTO public.planet VALUES (10, 'Tatooine', true, NULL, NULL, 1);
INSERT INTO public.planet VALUES (11, 'Endor', true, NULL, NULL, 1);
INSERT INTO public.planet VALUES (12, 'Coruscant', true, NULL, NULL, 1);


--
-- Data for Name: star; Type: TABLE DATA; Schema: public; Owner: freecodecamp
--

INSERT INTO public.star VALUES (1, 'Sun', 4603, 1.0, 1);
INSERT INTO public.star VALUES (2, 'Sirius', 230, 25.4, 1);
INSERT INTO public.star VALUES (3, 'Canopus', 10, 10700.0, 1);
INSERT INTO public.star VALUES (4, 'Arcturus', 7105, 170.0, 1);
INSERT INTO public.star VALUES (5, 'Alpha Centauri', 4850, 1.5, 1);
INSERT INTO public.star VALUES (6, 'Vega', 455, 40.1, 1);
INSERT INTO public.star VALUES (7, 'Capella', 590, 78.7, 1);


--
-- Name: galaxy_galaxy_id_seq; Type: SEQUENCE SET; Schema: public; Owner: freecodecamp
--

SELECT pg_catalog.setval('public.galaxy_galaxy_id_seq', 6, true);


--
-- Name: galaxy_types_galaxy_type_id_seq; Type: SEQUENCE SET; Schema: public; Owner: freecodecamp
--

SELECT pg_catalog.setval('public.galaxy_types_galaxy_type_id_seq', 3, true);


--
-- Name: moon_moon_id_seq; Type: SEQUENCE SET; Schema: public; Owner: freecodecamp
--

SELECT pg_catalog.setval('public.moon_moon_id_seq', 20, true);


--
-- Name: planet_planet_id_seq; Type: SEQUENCE SET; Schema: public; Owner: freecodecamp
--

SELECT pg_catalog.setval('public.planet_planet_id_seq', 12, true);


--
-- Name: star_star_id_seq; Type: SEQUENCE SET; Schema: public; Owner: freecodecamp
--

SELECT pg_catalog.setval('public.star_star_id_seq', 7, true);


--
-- Name: galaxy galaxy_name_key; Type: CONSTRAINT; Schema: public; Owner: freecodecamp
--

ALTER TABLE ONLY public.galaxy
    ADD CONSTRAINT galaxy_name_key UNIQUE (name);


--
-- Name: galaxy galaxy_pkey; Type: CONSTRAINT; Schema: public; Owner: freecodecamp
--

ALTER TABLE ONLY public.galaxy
    ADD CONSTRAINT galaxy_pkey PRIMARY KEY (galaxy_id);


--
-- Name: galaxy_types galaxy_types_name_key; Type: CONSTRAINT; Schema: public; Owner: freecodecamp
--

ALTER TABLE ONLY public.galaxy_types
    ADD CONSTRAINT galaxy_types_name_key UNIQUE (name);


--
-- Name: galaxy_types galaxy_types_pkey; Type: CONSTRAINT; Schema: public; Owner: freecodecamp
--

ALTER TABLE ONLY public.galaxy_types
    ADD CONSTRAINT galaxy_types_pkey PRIMARY KEY (galaxy_types_id);


--
-- Name: moon moon_name_key; Type: CONSTRAINT; Schema: public; Owner: freecodecamp
--

ALTER TABLE ONLY public.moon
    ADD CONSTRAINT moon_name_key UNIQUE (name);


--
-- Name: moon moon_pkey; Type: CONSTRAINT; Schema: public; Owner: freecodecamp
--

ALTER TABLE ONLY public.moon
    ADD CONSTRAINT moon_pkey PRIMARY KEY (moon_id);


--
-- Name: planet planet_name_key; Type: CONSTRAINT; Schema: public; Owner: freecodecamp
--

ALTER TABLE ONLY public.planet
    ADD CONSTRAINT planet_name_key UNIQUE (name);


--
-- Name: planet planet_pkey; Type: CONSTRAINT; Schema: public; Owner: freecodecamp
--

ALTER TABLE ONLY public.planet
    ADD CONSTRAINT planet_pkey PRIMARY KEY (planet_id);


--
-- Name: star star_name_key; Type: CONSTRAINT; Schema: public; Owner: freecodecamp
--

ALTER TABLE ONLY public.star
    ADD CONSTRAINT star_name_key UNIQUE (name);


--
-- Name: star star_pkey; Type: CONSTRAINT; Schema: public; Owner: freecodecamp
--

ALTER TABLE ONLY public.star
    ADD CONSTRAINT star_pkey PRIMARY KEY (star_id);


--
-- Name: galaxy galaxy_galaxy_type_id_fkey; Type: FK CONSTRAINT; Schema: public; Owner: freecodecamp
--

ALTER TABLE ONLY public.galaxy
    ADD CONSTRAINT galaxy_galaxy_type_id_fkey FOREIGN KEY (galaxy_types_id) REFERENCES public.galaxy_types(galaxy_types_id);


--
-- Name: moon moon_planet_id_fkey; Type: FK CONSTRAINT; Schema: public; Owner: freecodecamp
--

ALTER TABLE ONLY public.moon
    ADD CONSTRAINT moon_planet_id_fkey FOREIGN KEY (planet_id) REFERENCES public.planet(planet_id);


--
-- Name: planet planet_star_id_fkey; Type: FK CONSTRAINT; Schema: public; Owner: freecodecamp
--

ALTER TABLE ONLY public.planet
    ADD CONSTRAINT planet_star_id_fkey FOREIGN KEY (star_id) REFERENCES public.star(star_id);


--
-- Name: star star_galaxy_id_fkey; Type: FK CONSTRAINT; Schema: public; Owner: freecodecamp
--

ALTER TABLE ONLY public.star
    ADD CONSTRAINT star_galaxy_id_fkey FOREIGN KEY (galaxy_id) REFERENCES public.galaxy(galaxy_id);


--
-- PostgreSQL database dump complete
--

